"Player","Rating","CurrentTarget"
"Ruba d6d4","569","7"
"int mint","555","7"
"Crout0n","543","7"
"pen","538","6"
"edamame3tubu","524","6"
"しまこん","500","6"
"kuu00","495","6"
"shishamoon","460","6"
"つかぽん","458","5"
"あらたつ","445","5"
"gogokichi","443","5"
"Don Matty","437","5"
"eijis","425","5"
"あいせ_KZK","424","5"
"音痴 onti","423","5"
"トリプルセブン","417","5"
"なお","414","5"
"真白ゆう。","404","5"
"Worly_Street","380","4"
"紫藤テリア","379","5"
"keitti","377","4"
"しそ","366","4"
"takotyann","352","4"
"konachi-","337","4"
"フラグ神ユーメル","332","4"
"Tororo_torotto","319","4"
"Azami_Neko","317","4"
"リココ_VRC","294","4"
"ひとっぴ","290","4"
"やまだはるか","237","3"
"オリバー","227","3"
"Seia_TelluriuM","211","3"
"めるりな","206","3"
"片桐ネロ","200","3"
